,survived,pclass,sex,age,sibsp,parch,fare,embarked,class,who,adult_male,deck,embark_town,alive,alone,gender
0,0,3,male,22.0,1,0,7.25,S,Third,man,True,,Southampton,no,False,male
1,1,1,female,38.0,1,0,71.2833,C,First,woman,False,C,Cherbourg,yes,False,female
2,1,3,female,26.0,0,0,7.925,S,Third,woman,False,,Southampton,yes,True,female
3,1,1,female,35.0,1,0,53.1,S,First,woman,False,C,Southampton,yes,False,female
4,0,3,male,35.0,0,0,8.05,S,Third,man,True,,Southampton,no,True,male
5,0,3,male,,0,0,8.4583,Q,Third,man,True,,Queenstown,no,True,male
6,0,1,male,54.0,0,0,51.8625,S,First,man,True,E,Southampton,no,True,male
7,0,3,male,2.0,3,1,21.075,S,Third,child,False,,Southampton,no,False,male
8,1,3,female,27.0,0,2,11.1333,S,Third,woman,False,,Southampton,yes,False,female
9,1,2,female,14.0,1,0,30.0708,C,Second,child,False,,Cherbourg,yes,False,female
10,1,3,female,4.0,1,1,16.7,S,Third,child,False,G,Southampton,yes,False,female
11,1,1,female,58.0,0,0,26.55,S,First,woman,False,C,Southampton,yes,True,female
12,0,3,male,20.0,0,0,8.05,S,Third,man,True,,Southampton,no,True,male
13,0,3,male,39.0,1,5,31.275,S,Third,man,True,,Southampton,no,False,male
14,0,3,female,14.0,0,0,7.8542,S,Third,child,False,,Southampton,no,True,female
15,1,2,female,55.0,0,0,16.0,S,Second,woman,False,,Southampton,yes,True,female
16,0,3,male,2.0,4,1,29.125,Q,Third,child,False,,Queenstown,no,False,male
17,1,2,male,,0,0,13.0,S,Second,man,True,,Southampton,yes,True,male
18,0,3,female,31.0,1,0,18.0,S,Third,woman,False,,Southampton,no,False,female
19,1,3,female,,0,0,7.225,C,Third,woman,False,,Cherbourg,yes,True,female
20,0,2,male,35.0,0,0,26.0,S,Second,man,True,,Southampton,no,True,male
21,1,2,male,34.0,0,0,13.0,S,Second,man,True,D,Southampton,yes,True,male
22,1,3,female,15.0,0,0,8.0292,Q,Third,child,False,,Queenstown,yes,True,female
23,1,1,male,28.0,0,0,35.5,S,First,man,True,A,Southampton,yes,True,male
24,0,3,female,8.0,3,1,21.075,S,Third,child,False,,Southampton,no,False,female
25,1,3,female,38.0,1,5,31.3875,S,Third,woman,False,,Southampton,yes,False,female
26,0,3,male,,0,0,7.225,C,Third,man,True,,Cherbourg,no,True,male
27,0,1,male,19.0,3,2,263.0,S,First,man,True,C,Southampton,no,False,male
28,1,3,female,,0,0,7.8792,Q,Third,woman,False,,Queenstown,yes,True,female
29,0,3,male,,0,0,7.8958,S,Third,man,True,,Southampton,no,True,male
30,0,1,male,40.0,0,0,27.7208,C,First,man,True,,Cherbourg,no,True,male
31,1,1,female,,1,0,146.5208,C,First,woman,False,B,Cherbourg,yes,False,female
32,1,3,female,,0,0,7.75,Q,Third,woman,False,,Queenstown,yes,True,female
33,0,2,male,66.0,0,0,10.5,S,Second,man,True,,Southampton,no,True,male
34,0,1,male,28.0,1,0,82.1708,C,First,man,True,,Cherbourg,no,False,male
35,0,1,male,42.0,1,0,52.0,S,First,man,True,,Southampton,no,False,male
36,1,3,male,,0,0,7.2292,C,Third,man,True,,Cherbourg,yes,True,male
37,0,3,male,21.0,0,0,8.05,S,Third,man,True,,Southampton,no,True,male
38,0,3,female,18.0,2,0,18.0,S,Third,woman,False,,Southampton,no,False,female
39,1,3,female,14.0,1,0,11.2417,C,Third,child,False,,Cherbourg,yes,False,female
40,0,3,female,40.0,1,0,9.475,S,Third,woman,False,,Southampton,no,False,female
41,0,2,female,27.0,1,0,21.0,S,Second,woman,False,,Southampton,no,False,female
42,0,3,male,,0,0,7.8958,C,Third,man,True,,Cherbourg,no,True,male
43,1,2,female,3.0,1,2,41.5792,C,Second,child,False,,Cherbourg,yes,False,female
44,1,3,female,19.0,0,0,7.8792,Q,Third,woman,False,,Queenstown,yes,True,female
45,0,3,male,,0,0,8.05,S,Third,man,True,,Southampton,no,True,male
46,0,3,male,,1,0,15.5,Q,Third,man,True,,Queenstown,no,False,male
47,1,3,female,,0,0,7.75,Q,Third,woman,False,,Queenstown,yes,True,female
48,0,3,male,,2,0,21.6792,C,Third,man,True,,Cherbourg,no,False,male
49,0,3,female,18.0,1,0,17.8,S,Third,woman,False,,Southampton,no,False,female
50,0,3,male,7.0,4,1,39.6875,S,Third,child,False,,Southampton,no,False,male
51,0,3,male,21.0,0,0,7.8,S,Third,man,True,,Southampton,no,True,male
52,1,1,female,49.0,1,0,76.7292,C,First,woman,False,D,Cherbourg,yes,False,female
53,1,2,female,29.0,1,0,26.0,S,Second,woman,False,,Southampton,yes,False,female
54,0,1,male,65.0,0,1,61.9792,C,First,man,True,B,Cherbourg,no,False,male
55,1,1,male,,0,0,35.5,S,First,man,True,C,Southampton,yes,True,male
56,1,2,female,21.0,0,0,10.5,S,Second,woman,False,,Southampton,yes,True,female
57,0,3,male,28.5,0,0,7.2292,C,Third,man,True,,Cherbourg,no,True,male
58,1,2,female,5.0,1,2,27.75,S,Second,child,False,,Southampton,yes,False,female
59,0,3,male,11.0,5,2,46.9,S,Third,child,False,,Southampton,no,False,male
60,0,3,male,22.0,0,0,7.2292,C,Third,man,True,,Cherbourg,no,True,male
61,1,1,female,38.0,0,0,80.0,,First,woman,False,B,,yes,True,female
62,0,1,male,45.0,1,0,83.475,S,First,man,True,C,Southampton,no,False,male
63,0,3,male,4.0,3,2,27.9,S,Third,child,False,,Southampton,no,False,male
64,0,1,male,,0,0,27.7208,C,First,man,True,,Cherbourg,no,True,male
65,1,3,male,,1,1,15.2458,C,Third,man,True,,Cherbourg,yes,False,male
66,1,2,female,29.0,0,0,10.5,S,Second,woman,False,F,Southampton,yes,True,female
67,0,3,male,19.0,0,0,8.1583,S,Third,man,True,,Southampton,no,True,male
68,1,3,female,17.0,4,2,7.925,S,Third,woman,False,,Southampton,yes,False,female
69,0,3,male,26.0,2,0,8.6625,S,Third,man,True,,Southampton,no,False,male
70,0,2,male,32.0,0,0,10.5,S,Second,man,True,,Southampton,no,True,male
71,0,3,female,16.0,5,2,46.9,S,Third,woman,False,,Southampton,no,False,female
72,0,2,male,21.0,0,0,73.5,S,Second,man,True,,Southampton,no,True,male
73,0,3,male,26.0,1,0,14.4542,C,Third,man,True,,Cherbourg,no,False,male
74,1,3,male,32.0,0,0,56.4958,S,Third,man,True,,Southampton,yes,True,male
75,0,3,male,25.0,0,0,7.65,S,Third,man,True,F,Southampton,no,True,male
76,0,3,male,,0,0,7.8958,S,Third,man,True,,Southampton,no,True,male
77,0,3,male,,0,0,8.05,S,Third,man,True,,Southampton,no,True,male
78,1,2,male,0.83,0,2,29.0,S,Second,child,False,,Southampton,yes,False,male
79,1,3,female,30.0,0,0,12.475,S,Third,woman,False,,Southampton,yes,True,female
80,0,3,male,22.0,0,0,9.0,S,Third,man,True,,Southampton,no,True,male
81,1,3,male,29.0,0,0,9.5,S,Third,man,True,,Southampton,yes,True,male
82,1,3,female,,0,0,7.7875,Q,Third,woman,False,,Queenstown,yes,True,female
83,0,1,male,28.0,0,0,47.1,S,First,man,True,,Southampton,no,True,male
84,1,2,female,17.0,0,0,10.5,S,Second,woman,False,,Southampton,yes,True,female
85,1,3,female,33.0,3,0,15.85,S,Third,woman,False,,Southampton,yes,False,female
86,0,3,male,16.0,1,3,34.375,S,Third,man,True,,Southampton,no,False,male
87,0,3,male,,0,0,8.05,S,Third,man,True,,Southampton,no,True,male
88,1,1,female,23.0,3,2,263.0,S,First,woman,False,C,Southampton,yes,False,female
89,0,3,male,24.0,0,0,8.05,S,Third,man,True,,Southampton,no,True,male
90,0,3,male,29.0,0,0,8.05,S,Third,man,True,,Southampton,no,True,male
91,0,3,male,20.0,0,0,7.8542,S,Third,man,True,,Southampton,no,True,male
92,0,1,male,46.0,1,0,61.175,S,First,man,True,E,Southampton,no,False,male
93,0,3,male,26.0,1,2,20.575,S,Third,man,True,,Southampton,no,False,male
94,0,3,male,59.0,0,0,7.25,S,Third,man,True,,Southampton,no,True,male
95,0,3,male,,0,0,8.05,S,Third,man,True,,Southampton,no,True,male
96,0,1,male,71.0,0,0,34.6542,C,First,man,True,A,Cherbourg,no,True,male
97,1,1,male,23.0,0,1,63.3583,C,First,man,True,D,Cherbourg,yes,False,male
98,1,2,female,34.0,0,1,23.0,S,Second,woman,False,,Southampton,yes,False,female
99,0,2,male,34.0,1,0,26.0,S,Second,man,True,,Southampton,no,False,male
100,0,3,female,28.0,0,0,7.8958,S,Third,woman,False,,Southampton,no,True,female
101,0,3,male,,0,0,7.8958,S,Third,man,True,,Southampton,no,True,male
102,0,1,male,21.0,0,1,77.2875,S,First,man,True,D,Southampton,no,False,male
103,0,3,male,33.0,0,0,8.6542,S,Third,man,True,,Southampton,no,True,male
104,0,3,male,37.0,2,0,7.925,S,Third,man,True,,Southampton,no,False,male
105,0,3,male,28.0,0,0,7.8958,S,Third,man,True,,Southampton,no,True,male
106,1,3,female,21.0,0,0,7.65,S,Third,woman,False,,Southampton,yes,True,female
107,1,3,male,,0,0,7.775,S,Third,man,True,,Southampton,yes,True,male
108,0,3,male,38.0,0,0,7.8958,S,Third,man,True,,Southampton,no,True,male
109,1,3,female,,1,0,24.15,Q,Third,woman,False,,Queenstown,yes,False,female
110,0,1,male,47.0,0,0,52.0,S,First,man,True,C,Southampton,no,True,male
111,0,3,female,14.5,1,0,14.4542,C,Third,child,False,,Cherbourg,no,False,female
112,0,3,male,22.0,0,0,8.05,S,Third,man,True,,Southampton,no,True,male
113,0,3,female,20.0,1,0,9.825,S,Third,woman,False,,Southampton,no,False,female
114,0,3,female,17.0,0,0,14.4583,C,Third,woman,False,,Cherbourg,no,True,female
115,0,3,male,21.0,0,0,7.925,S,Third,man,True,,Southampton,no,True,male
116,0,3,male,70.5,0,0,7.75,Q,Third,man,True,,Queenstown,no,True,male
117,0,2,male,29.0,1,0,21.0,S,Second,man,True,,Southampton,no,False,male
118,0,1,male,24.0,0,1,247.5208,C,First,man,True,B,Cherbourg,no,False,male
119,0,3,female,2.0,4,2,31.275,S,Third,child,False,,Southampton,no,False,female
120,0,2,male,21.0,2,0,73.5,S,Second,man,True,,Southampton,no,False,male
121,0,3,male,,0,0,8.05,S,Third,man,True,,Southampton,no,True,male
122,0,2,male,32.5,1,0,30.0708,C,Second,man,True,,Cherbourg,no,False,male
123,1,2,female,32.5,0,0,13.0,S,Second,woman,False,E,Southampton,yes,True,female
124,0,1,male,54.0,0,1,77.2875,S,First,man,True,D,Southampton,no,False,male
125,1,3,male,12.0,1,0,11.2417,C,Third,child,False,,Cherbourg,yes,False,male
126,0,3,male,,0,0,7.75,Q,Third,man,True,,Queenstown,no,True,male
127,1,3,male,24.0,0,0,7.1417,S,Third,man,True,,Southampton,yes,True,male
128,1,3,female,,1,1,22.3583,C,Third,woman,False,F,Cherbourg,yes,False,female
129,0,3,male,45.0,0,0,6.975,S,Third,man,True,,Southampton,no,True,male
130,0,3,male,33.0,0,0,7.8958,C,Third,man,True,,Cherbourg,no,True,male
131,0,3,male,20.0,0,0,7.05,S,Third,man,True,,Southampton,no,True,male
132,0,3,female,47.0,1,0,14.5,S,Third,woman,False,,Southampton,no,False,female
133,1,2,female,29.0,1,0,26.0,S,Second,woman,False,,Southampton,yes,False,female
134,0,2,male,25.0,0,0,13.0,S,Second,man,True,,Southampton,no,True,male
135,0,2,male,23.0,0,0,15.0458,C,Second,man,True,,Cherbourg,no,True,male
136,1,1,female,19.0,0,2,26.2833,S,First,woman,False,D,Southampton,yes,False,female
137,0,1,male,37.0,1,0,53.1,S,First,man,True,C,Southampton,no,False,male
138,0,3,male,16.0,0,0,9.2167,S,Third,man,True,,Southampton,no,True,male
139,0,1,male,24.0,0,0,79.2,C,First,man,True,B,Cherbourg,no,True,male
140,0,3,female,,0,2,15.2458,C,Third,woman,False,,Cherbourg,no,False,female
141,1,3,female,22.0,0,0,7.75,S,Third,woman,False,,Southampton,yes,True,female
142,1,3,female,24.0,1,0,15.85,S,Third,woman,False,,Southampton,yes,False,female
143,0,3,male,19.0,0,0,6.75,Q,Third,man,True,,Queenstown,no,True,male
144,0,2,male,18.0,0,0,11.5,S,Second,man,True,,Southampton,no,True,male
145,0,2,male,19.0,1,1,36.75,S,Second,man,True,,Southampton,no,False,male
146,1,3,male,27.0,0,0,7.7958,S,Third,man,True,,Southampton,yes,True,male
147,0,3,female,9.0,2,2,34.375,S,Third,child,False,,Southampton,no,False,female
148,0,2,male,36.5,0,2,26.0,S,Second,man,True,F,Southampton,no,False,male
149,0,2,male,42.0,0,0,13.0,S,Second,man,True,,Southampton,no,True,male
150,0,2,male,51.0,0,0,12.525,S,Second,man,True,,Southampton,no,True,male
151,1,1,female,22.0,1,0,66.6,S,First,woman,False,C,Southampton,yes,False,female
152,0,3,male,55.5,0,0,8.05,S,Third,man,True,,Southampton,no,True,male
153,0,3,male,40.5,0,2,14.5,S,Third,man,True,,Southampton,no,False,male
154,0,3,male,,0,0,7.3125,S,Third,man,True,,Southampton,no,True,male
155,0,1,male,51.0,0,1,61.3792,C,First,man,True,,Cherbourg,no,False,male
156,1,3,female,16.0,0,0,7.7333,Q,Third,woman,False,,Queenstown,yes,True,female
157,0,3,male,30.0,0,0,8.05,S,Third,man,True,,Southampton,no,True,male
158,0,3,male,,0,0,8.6625,S,Third,man,True,,Southampton,no,True,male
159,0,3,male,,8,2,69.55,S,Third,man,True,,Southampton,no,False,male
160,0,3,male,44.0,0,1,16.1,S,Third,man,True,,Southampton,no,False,male
161,1,2,female,40.0,0,0,15.75,S,Second,woman,False,,Southampton,yes,True,female
162,0,3,male,26.0,0,0,7.775,S,Third,man,True,,Southampton,no,True,male
163,0,3,male,17.0,0,0,8.6625,S,Third,man,True,,Southampton,no,True,male
164,0,3,male,1.0,4,1,39.6875,S,Third,child,False,,Southampton,no,False,male
165,1,3,male,9.0,0,2,20.525,S,Third,child,False,,Southampton,yes,False,male
166,1,1,female,,0,1,55.0,S,First,woman,False,E,Southampton,yes,False,female
167,0,3,female,45.0,1,4,27.9,S,Third,woman,False,,Southampton,no,False,female
168,0,1,male,,0,0,25.925,S,First,man,True,,Southampton,no,True,male
169,0,3,male,28.0,0,0,56.4958,S,Third,man,True,,Southampton,no,True,male
170,0,1,male,61.0,0,0,33.5,S,First,man,True,B,Southampton,no,True,male
171,0,3,male,4.0,4,1,29.125,Q,Third,child,False,,Queenstown,no,False,male
172,1,3,female,1.0,1,1,11.1333,S,Third,child,False,,Southampton,yes,False,female
173,0,3,male,21.0,0,0,7.925,S,Third,man,True,,Southampton,no,True,male
174,0,1,male,56.0,0,0,30.6958,C,First,man,True,A,Cherbourg,no,True,male
175,0,3,male,18.0,1,1,7.8542,S,Third,man,True,,Southampton,no,False,male
176,0,3,male,,3,1,25.4667,S,Third,man,True,,Southampton,no,False,male
177,0,1,female,50.0,0,0,28.7125,C,First,woman,False,C,Cherbourg,no,True,female
178,0,2,male,30.0,0,0,13.0,S,Second,man,True,,Southampton,no,True,male
179,0,3,male,36.0,0,0,0.0,S,Third,man,True,,Southampton,no,True,male
180,0,3,female,,8,2,69.55,S,Third,woman,False,,Southampton,no,False,female
181,0,2,male,,0,0,15.05,C,Second,man,True,,Cherbourg,no,True,male
182,0,3,male,9.0,4,2,31.3875,S,Third,child,False,,Southampton,no,False,male
183,1,2,male,1.0,2,1,39.0,S,Second,child,False,F,Southampton,yes,False,male
184,1,3,female,4.0,0,2,22.025,S,Third,child,False,,Southampton,yes,False,female
185,0,1,male,,0,0,50.0,S,First,man,True,A,Southampton,no,True,male
186,1,3,female,,1,0,15.5,Q,Third,woman,False,,Queenstown,yes,False,female
187,1,1,male,45.0,0,0,26.55,S,First,man,True,,Southampton,yes,True,male
188,0,3,male,40.0,1,1,15.5,Q,Third,man,True,,Queenstown,no,False,male
189,0,3,male,36.0,0,0,7.8958,S,Third,man,True,,Southampton,no,True,male
190,1,2,female,32.0,0,0,13.0,S,Second,woman,False,,Southampton,yes,True,female
191,0,2,male,19.0,0,0,13.0,S,Second,man,True,,Southampton,no,True,male
192,1,3,female,19.0,1,0,7.8542,S,Third,woman,False,,Southampton,yes,False,female
193,1,2,male,3.0,1,1,26.0,S,Second,child,False,F,Southampton,yes,False,male
194,1,1,female,44.0,0,0,27.7208,C,First,woman,False,B,Cherbourg,yes,True,female
195,1,1,female,58.0,0,0,146.5208,C,First,woman,False,B,Cherbourg,yes,True,female
196,0,3,male,,0,0,7.75,Q,Third,man,True,,Queenstown,no,True,male
197,0,3,male,42.0,0,1,8.4042,S,Third,man,True,,Southampton,no,False,male
198,1,3,female,,0,0,7.75,Q,Third,woman,False,,Queenstown,yes,True,female
199,0,2,female,24.0,0,0,13.0,S,Second,woman,False,,Southampton,no,True,female
200,0,3,male,28.0,0,0,9.5,S,Third,man,True,,Southampton,no,True,male
201,0,3,male,,8,2,69.55,S,Third,man,True,,Southampton,no,False,male
202,0,3,male,34.0,0,0,6.4958,S,Third,man,True,,Southampton,no,True,male
203,0,3,male,45.5,0,0,7.225,C,Third,man,True,,Cherbourg,no,True,male
204,1,3,male,18.0,0,0,8.05,S,Third,man,True,,Southampton,yes,True,male
205,0,3,female,2.0,0,1,10.4625,S,Third,child,False,G,Southampton,no,False,female
206,0,3,male,32.0,1,0,15.85,S,Third,man,True,,Southampton,no,False,male
207,1,3,male,26.0,0,0,18.7875,C,Third,man,True,,Cherbourg,yes,True,male
208,1,3,female,16.0,0,0,7.75,Q,Third,woman,False,,Queenstown,yes,True,female
209,1,1,male,40.0,0,0,31.0,C,First,man,True,A,Cherbourg,yes,True,male
210,0,3,male,24.0,0,0,7.05,S,Third,man,True,,Southampton,no,True,male
211,1,2,female,35.0,0,0,21.0,S,Second,woman,False,,Southampton,yes,True,female
212,0,3,male,22.0,0,0,7.25,S,Third,man,True,,Southampton,no,True,male
213,0,2,male,30.0,0,0,13.0,S,Second,man,True,,Southampton,no,True,male
214,0,3,male,,1,0,7.75,Q,Third,man,True,,Queenstown,no,False,male
215,1,1,female,31.0,1,0,113.275,C,First,woman,False,D,Cherbourg,yes,False,female
216,1,3,female,27.0,0,0,7.925,S,Third,woman,False,,Southampton,yes,True,female
217,0,2,male,42.0,1,0,27.0,S,Second,man,True,,Southampton,no,False,male
218,1,1,female,32.0,0,0,76.2917,C,First,woman,False,D,Cherbourg,yes,True,female
219,0,2,male,30.0,0,0,10.5,S,Second,man,True,,Southampton,no,True,male
220,1,3,male,16.0,0,0,8.05,S,Third,man,True,,Southampton,yes,True,male
221,0,2,male,27.0,0,0,13.0,S,Second,man,True,,Southampton,no,True,male
222,0,3,male,51.0,0,0,8.05,S,Third,man,True,,Southampton,no,True,male
223,0,3,male,,0,0,7.8958,S,Third,man,True,,Southampton,no,True,male
224,1,1,male,38.0,1,0,90.0,S,First,man,True,C,Southampton,yes,False,male
225,0,3,male,22.0,0,0,9.35,S,Third,man,True,,Southampton,no,True,male
226,1,2,male,19.0,0,0,10.5,S,Second,man,True,,Southampton,yes,True,male
227,0,3,male,20.5,0,0,7.25,S,Third,man,True,,Southampton,no,True,male
228,0,2,male,18.0,0,0,13.0,S,Second,man,True,,Southampton,no,True,male
229,0,3,female,,3,1,25.4667,S,Third,woman,False,,Southampton,no,False,female
230,1,1,female,35.0,1,0,83.475,S,First,woman,False,C,Southampton,yes,False,female
231,0,3,male,29.0,0,0,7.775,S,Third,man,True,,Southampton,no,True,male
232,0,2,male,59.0,0,0,13.5,S,Second,man,True,,Southampton,no,True,male
233,1,3,female,5.0,4,2,31.3875,S,Third,child,False,,Southampton,yes,False,female
234,0,2,male,24.0,0,0,10.5,S,Second,man,True,,Southampton,no,True,male
235,0,3,female,,0,0,7.55,S,Third,woman,False,,Southampton,no,True,female
236,0,2,male,44.0,1,0,26.0,S,Second,man,True,,Southampton,no,False,male
237,1,2,female,8.0,0,2,26.25,S,Second,child,False,,Southampton,yes,False,female
238,0,2,male,19.0,0,0,10.5,S,Second,man,True,,Southampton,no,True,male
239,0,2,male,33.0,0,0,12.275,S,Second,man,True,,Southampton,no,True,male
240,0,3,female,,1,0,14.4542,C,Third,woman,False,,Cherbourg,no,False,female
241,1,3,female,,1,0,15.5,Q,Third,woman,False,,Queenstown,yes,False,female
242,0,2,male,29.0,0,0,10.5,S,Second,man,True,,Southampton,no,True,male
243,0,3,male,22.0,0,0,7.125,S,Third,man,True,,Southampton,no,True,male
244,0,3,male,30.0,0,0,7.225,C,Third,man,True,,Cherbourg,no,True,male
245,0,1,male,44.0,2,0,90.0,Q,First,man,True,C,Queenstown,no,False,male
246,0,3,female,25.0,0,0,7.775,S,Third,woman,False,,Southampton,no,True,female
247,1,2,female,24.0,0,2,14.5,S,Second,woman,False,,Southampton,yes,False,female
248,1,1,male,37.0,1,1,52.5542,S,First,man,True,D,Southampton,yes,False,male
249,0,2,male,54.0,1,0,26.0,S,Second,man,True,,Southampton,no,False,male
250,0,3,male,,0,0,7.25,S,Third,man,True,,Southampton,no,True,male
251,0,3,female,29.0,1,1,10.4625,S,Third,woman,False,G,Southampton,no,False,female
252,0,1,male,62.0,0,0,26.55,S,First,man,True,C,Southampton,no,True,male
253,0,3,male,30.0,1,0,16.1,S,Third,man,True,,Southampton,no,False,male
254,0,3,female,41.0,0,2,20.2125,S,Third,woman,False,,Southampton,no,False,female
255,1,3,female,29.0,0,2,15.2458,C,Third,woman,False,,Cherbourg,yes,False,female
256,1,1,female,,0,0,79.2,C,First,woman,False,,Cherbourg,yes,True,female
257,1,1,female,30.0,0,0,86.5,S,First,woman,False,B,Southampton,yes,True,female
258,1,1,female,35.0,0,0,512.3292,C,First,woman,False,,Cherbourg,yes,True,female
259,1,2,female,50.0,0,1,26.0,S,Second,woman,False,,Southampton,yes,False,female
260,0,3,male,,0,0,7.75,Q,Third,man,True,,Queenstown,no,True,male
261,1,3,male,3.0,4,2,31.3875,S,Third,child,False,,Southampton,yes,False,male
262,0,1,male,52.0,1,1,79.65,S,First,man,True,E,Southampton,no,False,male
263,0,1,male,40.0,0,0,0.0,S,First,man,True,B,Southampton,no,True,male
264,0,3,female,,0,0,7.75,Q,Third,woman,False,,Queenstown,no,True,female
265,0,2,male,36.0,0,0,10.5,S,Second,man,True,,Southampton,no,True,male
266,0,3,male,16.0,4,1,39.6875,S,Third,man,True,,Southampton,no,False,male
267,1,3,male,25.0,1,0,7.775,S,Third,man,True,,Southampton,yes,False,male
268,1,1,female,58.0,0,1,153.4625,S,First,woman,False,C,Southampton,yes,False,female
269,1,1,female,35.0,0,0,135.6333,S,First,woman,False,C,Southampton,yes,True,female
270,0,1,male,,0,0,31.0,S,First,man,True,,Southampton,no,True,male
271,1,3,male,25.0,0,0,0.0,S,Third,man,True,,Southampton,yes,True,male
272,1,2,female,41.0,0,1,19.5,S,Second,woman,False,,Southampton,yes,False,female
273,0,1,male,37.0,0,1,29.7,C,First,man,True,C,Cherbourg,no,False,male
274,1,3,female,,0,0,7.75,Q,Third,woman,False,,Queenstown,yes,True,female
275,1,1,female,63.0,1,0,77.9583,S,First,woman,False,D,Southampton,yes,False,female
276,0,3,female,45.0,0,0,7.75,S,Third,woman,False,,Southampton,no,True,female
277,0,2,male,,0,0,0.0,S,Second,man,True,,Southampton,no,True,male
278,0,3,male,7.0,4,1,29.125,Q,Third,child,False,,Queenstown,no,False,male
279,1,3,female,35.0,1,1,20.25,S,Third,woman,False,,Southampton,yes,False,female
280,0,3,male,65.0,0,0,7.75,Q,Third,man,True,,Queenstown,no,True,male
281,0,3,male,28.0,0,0,7.8542,S,Third,man,True,,Southampton,no,True,male
282,0,3,male,16.0,0,0,9.5,S,Third,man,True,,Southampton,no,True,male
283,1,3,male,19.0,0,0,8.05,S,Third,man,True,,Southampton,yes,True,male
284,0,1,male,,0,0,26.0,S,First,man,True,A,Southampton,no,True,male
285,0,3,male,33.0,0,0,8.6625,C,Third,man,True,,Cherbourg,no,True,male
286,1,3,male,30.0,0,0,9.5,S,Third,man,True,,Southampton,yes,True,male
287,0,3,male,22.0,0,0,7.8958,S,Third,man,True,,Southampton,no,True,male
288,1,2,male,42.0,0,0,13.0,S,Second,man,True,,Southampton,yes,True,male
289,1,3,female,22.0,0,0,7.75,Q,Third,woman,False,,Queenstown,yes,True,female
290,1,1,female,26.0,0,0,78.85,S,First,woman,False,,Southampton,yes,True,female
291,1,1,female,19.0,1,0,91.0792,C,First,woman,False,B,Cherbourg,yes,False,female
292,0,2,male,36.0,0,0,12.875,C,Second,man,True,D,Cherbourg,no,True,male
293,0,3,female,24.0,0,0,8.85,S,Third,woman,False,,Southampton,no,True,female
294,0,3,male,24.0,0,0,7.8958,S,Third,man,True,,Southampton,no,True,male
295,0,1,male,,0,0,27.7208,C,First,man,True,,Cherbourg,no,True,male
296,0,3,male,23.5,0,0,7.2292,C,Third,man,True,,Cherbourg,no,True,male
297,0,1,female,2.0,1,2,151.55,S,First,child,False,C,Southampton,no,False,female
298,1,1,male,,0,0,30.5,S,First,man,True,C,Southampton,yes,True,male
299,1,1,female,50.0,0,1,247.5208,C,First,woman,False,B,Cherbourg,yes,False,female
300,1,3,female,,0,0,7.75,Q,Third,woman,False,,Queenstown,yes,True,female
301,1,3,male,,2,0,23.25,Q,Third,man,True,,Queenstown,yes,False,male
302,0,3,male,19.0,0,0,0.0,S,Third,man,True,,Southampton,no,True,male
303,1,2,female,,0,0,12.35,Q,Second,woman,False,E,Queenstown,yes,True,female
304,0,3,male,,0,0,8.05,S,Third,man,True,,Southampton,no,True,male
305,1,1,male,0.92,1,2,151.55,S,First,child,False,C,Southampton,yes,False,male
306,1,1,female,,0,0,110.8833,C,First,woman,False,,Cherbourg,yes,True,female
307,1,1,female,17.0,1,0,108.9,C,First,woman,False,C,Cherbourg,yes,False,female
308,0,2,male,30.0,1,0,24.0,C,Second,man,True,,Cherbourg,no,False,male
309,1,1,female,30.0,0,0,56.9292,C,First,woman,False,E,Cherbourg,yes,True,female
310,1,1,female,24.0,0,0,83.1583,C,First,woman,False,C,Cherbourg,yes,True,female
311,1,1,female,18.0,2,2,262.375,C,First,woman,False,B,Cherbourg,yes,False,female
312,0,2,female,26.0,1,1,26.0,S,Second,woman,False,,Southampton,no,False,female
313,0,3,male,28.0,0,0,7.8958,S,Third,man,True,,Southampton,no,True,male
314,0,2,male,43.0,1,1,26.25,S,Second,man,True,,Southampton,no,False,male
315,1,3,female,26.0,0,0,7.8542,S,Third,woman,False,,Southampton,yes,True,female
316,1,2,female,24.0,1,0,26.0,S,Second,woman,False,,Southampton,yes,False,female
317,0,2,male,54.0,0,0,14.0,S,Second,man,True,,Southampton,no,True,male
318,1,1,female,31.0,0,2,164.8667,S,First,woman,False,C,Southampton,yes,False,female
319,1,1,female,40.0,1,1,134.5,C,First,woman,False,E,Cherbourg,yes,False,female
320,0,3,male,22.0,0,0,7.25,S,Third,man,True,,Southampton,no,True,male
321,0,3,male,27.0,0,0,7.8958,S,Third,man,True,,Southampton,no,True,male
322,1,2,female,30.0,0,0,12.35,Q,Second,woman,False,,Queenstown,yes,True,female
323,1,2,female,22.0,1,1,29.0,S,Second,woman,False,,Southampton,yes,False,female
324,0,3,male,,8,2,69.55,S,Third,man,True,,Southampton,no,False,male
325,1,1,female,36.0,0,0,135.6333,C,First,woman,False,C,Cherbourg,yes,True,female
326,0,3,male,61.0,0,0,6.2375,S,Third,man,True,,Southampton,no,True,male
327,1,2,female,36.0,0,0,13.0,S,Second,woman,False,D,Southampton,yes,True,female
328,1,3,female,31.0,1,1,20.525,S,Third,woman,False,,Southampton,yes,False,female
329,1,1,female,16.0,0,1,57.9792,C,First,woman,False,B,Cherbourg,yes,False,female
330,1,3,female,,2,0,23.25,Q,Third,woman,False,,Queenstown,yes,False,female
331,0,1,male,45.5,0,0,28.5,S,First,man,True,C,Southampton,no,True,male
332,0,1,male,38.0,0,1,153.4625,S,First,man,True,C,Southampton,no,False,male
333,0,3,male,16.0,2,0,18.0,S,Third,man,True,,Southampton,no,False,male
334,1,1,female,,1,0,133.65,S,First,woman,False,,Southampton,yes,False,female
335,0,3,male,,0,0,7.8958,S,Third,man,True,,Southampton,no,True,male
336,0,1,male,29.0,1,0,66.6,S,First,man,True,C,Southampton,no,False,male
337,1,1,female,41.0,0,0,134.5,C,First,woman,False,E,Cherbourg,yes,True,female
338,1,3,male,45.0,0,0,8.05,S,Third,man,True,,Southampton,yes,True,male
339,0,1,male,45.0,0,0,35.5,S,First,man,True,,Southampton,no,True,male
340,1,2,male,2.0,1,1,26.0,S,Second,child,False,F,Southampton,yes,False,male
341,1,1,female,24.0,3,2,263.0,S,First,woman,False,C,Southampton,yes,False,female
342,0,2,male,28.0,0,0,13.0,S,Second,man,True,,Southampton,no,True,male
343,0,2,male,25.0,0,0,13.0,S,Second,man,True,,Southampton,no,True,male
344,0,2,male,36.0,0,0,13.0,S,Second,man,True,,Southampton,no,True,male
345,1,2,female,24.0,0,0,13.0,S,Second,woman,False,F,Southampton,yes,True,female
346,1,2,female,40.0,0,0,13.0,S,Second,woman,False,,Southampton,yes,True,female
347,1,3,female,,1,0,16.1,S,Third,woman,False,,Southampton,yes,False,female
348,1,3,male,3.0,1,1,15.9,S,Third,child,False,,Southampton,yes,False,male
349,0,3,male,42.0,0,0,8.6625,S,Third,man,True,,Southampton,no,True,male
350,0,3,male,23.0,0,0,9.225,S,Third,man,True,,Southampton,no,True,male
351,0,1,male,,0,0,35.0,S,First,man,True,C,Southampton,no,True,male
352,0,3,male,15.0,1,1,7.2292,C,Third,child,False,,Cherbourg,no,False,male
353,0,3,male,25.0,1,0,17.8,S,Third,man,True,,Southampton,no,False,male
354,0,3,male,,0,0,7.225,C,Third,man,True,,Cherbourg,no,True,male
355,0,3,male,28.0,0,0,9.5,S,Third,man,True,,Southampton,no,True,male
356,1,1,female,22.0,0,1,55.0,S,First,woman,False,E,Southampton,yes,False,female
357,0,2,female,38.0,0,0,13.0,S,Second,woman,False,,Southampton,no,True,female
358,1,3,female,,0,0,7.8792,Q,Third,woman,False,,Queenstown,yes,True,female
359,1,3,female,,0,0,7.8792,Q,Third,woman,False,,Queenstown,yes,True,female
360,0,3,male,40.0,1,4,27.9,S,Third,man,True,,Southampton,no,False,male
361,0,2,male,29.0,1,0,27.7208,C,Second,man,True,,Cherbourg,no,False,male
362,0,3,female,45.0,0,1,14.4542,C,Third,woman,False,,Cherbourg,no,False,female
363,0,3,male,35.0,0,0,7.05,S,Third,man,True,,Southampton,no,True,male
364,0,3,male,,1,0,15.5,Q,Third,man,True,,Queenstown,no,False,male
365,0,3,male,30.0,0,0,7.25,S,Third,man,True,,Southampton,no,True,male
366,1,1,female,60.0,1,0,75.25,C,First,woman,False,D,Cherbourg,yes,False,female
367,1,3,female,,0,0,7.2292,C,Third,woman,False,,Cherbourg,yes,True,female
368,1,3,female,,0,0,7.75,Q,Third,woman,False,,Queenstown,yes,True,female
369,1,1,female,24.0,0,0,69.3,C,First,woman,False,B,Cherbourg,yes,True,female
370,1,1,male,25.0,1,0,55.4417,C,First,man,True,E,Cherbourg,yes,False,male
371,0,3,male,18.0,1,0,6.4958,S,Third,man,True,,Southampton,no,False,male
372,0,3,male,19.0,0,0,8.05,S,Third,man,True,,Southampton,no,True,male
373,0,1,male,22.0,0,0,135.6333,C,First,man,True,,Cherbourg,no,True,male
374,0,3,female,3.0,3,1,21.075,S,Third,child,False,,Southampton,no,False,female
375,1,1,female,,1,0,82.1708,C,First,woman,False,,Cherbourg,yes,False,female
376,1,3,female,22.0,0,0,7.25,S,Third,woman,False,,Southampton,yes,True,female
377,0,1,male,27.0,0,2,211.5,C,First,man,True,C,Cherbourg,no,False,male
378,0,3,male,20.0,0,0,4.0125,C,Third,man,True,,Cherbourg,no,True,male
379,0,3,male,19.0,0,0,7.775,S,Third,man,True,,Southampton,no,True,male
380,1,1,female,42.0,0,0,227.525,C,First,woman,False,,Cherbourg,yes,True,female
381,1,3,female,1.0,0,2,15.7417,C,Third,child,False,,Cherbourg,yes,False,female
382,0,3,male,32.0,0,0,7.925,S,Third,man,True,,Southampton,no,True,male
383,1,1,female,35.0,1,0,52.0,S,First,woman,False,,Southampton,yes,False,female
384,0,3,male,,0,0,7.8958,S,Third,man,True,,Southampton,no,True,male
385,0,2,male,18.0,0,0,73.5,S,Second,man,True,,Southampton,no,True,male
386,0,3,male,1.0,5,2,46.9,S,Third,child,False,,Southampton,no,False,male
387,1,2,female,36.0,0,0,13.0,S,Second,woman,False,,Southampton,yes,True,female
388,0,3,male,,0,0,7.7292,Q,Third,man,True,,Queenstown,no,True,male
389,1,2,female,17.0,0,0,12.0,C,Second,woman,False,,Cherbourg,yes,True,female
390,1,1,male,36.0,1,2,120.0,S,First,man,True,B,Southampton,yes,False,male
391,1,3,male,21.0,0,0,7.7958,S,Third,man,True,,Southampton,yes,True,male
392,0,3,male,28.0,2,0,7.925,S,Third,man,True,,Southampton,no,False,male
393,1,1,female,23.0,1,0,113.275,C,First,woman,False,D,Cherbourg,yes,False,female
394,1,3,female,24.0,0,2,16.7,S,Third,woman,False,G,Southampton,yes,False,female
395,0,3,male,22.0,0,0,7.7958,S,Third,man,True,,Southampton,no,True,male
396,0,3,female,31.0,0,0,7.8542,S,Third,woman,False,,Southampton,no,True,female
397,0,2,male,46.0,0,0,26.0,S,Second,man,True,,Southampton,no,True,male
398,0,2,male,23.0,0,0,10.5,S,Second,man,True,,Southampton,no,True,male
399,1,2,female,28.0,0,0,12.65,S,Second,woman,False,,Southampton,yes,True,female
400,1,3,male,39.0,0,0,7.925,S,Third,man,True,,Southampton,yes,True,male
401,0,3,male,26.0,0,0,8.05,S,Third,man,True,,Southampton,no,True,male
402,0,3,female,21.0,1,0,9.825,S,Third,woman,False,,Southampton,no,False,female
403,0,3,male,28.0,1,0,15.85,S,Third,man,True,,Southampton,no,False,male
404,0,3,female,20.0,0,0,8.6625,S,Third,woman,False,,Southampton,no,True,female
405,0,2,male,34.0,1,0,21.0,S,Second,man,True,,Southampton,no,False,male
406,0,3,male,51.0,0,0,7.75,S,Third,man,True,,Southampton,no,True,male
407,1,2,male,3.0,1,1,18.75,S,Second,child,False,,Southampton,yes,False,male
408,0,3,male,21.0,0,0,7.775,S,Third,man,True,,Southampton,no,True,male
409,0,3,female,,3,1,25.4667,S,Third,woman,False,,Southampton,no,False,female
410,0,3,male,,0,0,7.8958,S,Third,man,True,,Southampton,no,True,male
411,0,3,male,,0,0,6.8583,Q,Third,man,True,,Queenstown,no,True,male
412,1,1,female,33.0,1,0,90.0,Q,First,woman,False,C,Queenstown,yes,False,female
413,0,2,male,,0,0,0.0,S,Second,man,True,,Southampton,no,True,male
414,1,3,male,44.0,0,0,7.925,S,Third,man,True,,Southampton,yes,True,male
415,0,3,female,,0,0,8.05,S,Third,woman,False,,Southampton,no,True,female
416,1,2,female,34.0,1,1,32.5,S,Second,woman,False,,Southampton,yes,False,female
417,1,2,female,18.0,0,2,13.0,S,Second,woman,False,,Southampton,yes,False,female
418,0,2,male,30.0,0,0,13.0,S,Second,man,True,,Southampton,no,True,male
419,0,3,female,10.0,0,2,24.15,S,Third,child,False,,Southampton,no,False,female
420,0,3,male,,0,0,7.8958,C,Third,man,True,,Cherbourg,no,True,male
421,0,3,male,21.0,0,0,7.7333,Q,Third,man,True,,Queenstown,no,True,male
422,0,3,male,29.0,0,0,7.875,S,Third,man,True,,Southampton,no,True,male
423,0,3,female,28.0,1,1,14.4,S,Third,woman,False,,Southampton,no,False,female
424,0,3,male,18.0,1,1,20.2125,S,Third,man,True,,Southampton,no,False,male
425,0,3,male,,0,0,7.25,S,Third,man,True,,Southampton,no,True,male
426,1,2,female,28.0,1,0,26.0,S,Second,woman,False,,Southampton,yes,False,female
427,1,2,female,19.0,0,0,26.0,S,Second,woman,False,,Southampton,yes,True,female
428,0,3,male,,0,0,7.75,Q,Third,man,True,,Queenstown,no,True,male
429,1,3,male,32.0,0,0,8.05,S,Third,man,True,E,Southampton,yes,True,male
430,1,1,male,28.0,0,0,26.55,S,First,man,True,C,Southampton,yes,True,male
431,1,3,female,,1,0,16.1,S,Third,woman,False,,Southampton,yes,False,female
432,1,2,female,42.0,1,0,26.0,S,Second,woman,False,,Southampton,yes,False,female
433,0,3,male,17.0,0,0,7.125,S,Third,man,True,,Southampton,no,True,male
434,0,1,male,50.0,1,0,55.9,S,First,man,True,E,Southampton,no,False,male
435,1,1,female,14.0,1,2,120.0,S,First,child,False,B,Southampton,yes,False,female
436,0,3,female,21.0,2,2,34.375,S,Third,woman,False,,Southampton,no,False,female
437,1,2,female,24.0,2,3,18.75,S,Second,woman,False,,Southampton,yes,False,female
438,0,1,male,64.0,1,4,263.0,S,First,man,True,C,Southampton,no,False,male
439,0,2,male,31.0,0,0,10.5,S,Second,man,True,,Southampton,no,True,male
440,1,2,female,45.0,1,1,26.25,S,Second,woman,False,,Southampton,yes,False,female
441,0,3,male,20.0,0,0,9.5,S,Third,man,True,,Southampton,no,True,male
442,0,3,male,25.0,1,0,7.775,S,Third,man,True,,Southampton,no,False,male
443,1,2,female,28.0,0,0,13.0,S,Second,woman,False,,Southampton,yes,True,female
444,1,3,male,,0,0,8.1125,S,Third,man,True,,Southampton,yes,True,male
445,1,1,male,4.0,0,2,81.8583,S,First,child,False,A,Southampton,yes,False,male
446,1,2,female,13.0,0,1,19.5,S,Second,child,False,,Southampton,yes,False,female
447,1,1,male,34.0,0,0,26.55,S,First,man,True,,Southampton,yes,True,male
448,1,3,female,5.0,2,1,19.2583,C,Third,child,False,,Cherbourg,yes,False,female
449,1,1,male,52.0,0,0,30.5,S,First,man,True,C,Southampton,yes,True,male
450,0,2,male,36.0,1,2,27.75,S,Second,man,True,,Southampton,no,False,male
451,0,3,male,,1,0,19.9667,S,Third,man,True,,Southampton,no,False,male
452,0,1,male,30.0,0,0,27.75,C,First,man,True,C,Cherbourg,no,True,male
453,1,1,male,49.0,1,0,89.1042,C,First,man,True,C,Cherbourg,yes,False,male
454,0,3,male,,0,0,8.05,S,Third,man,True,,Southampton,no,True,male
455,1,3,male,29.0,0,0,7.8958,C,Third,man,True,,Cherbourg,yes,True,male
456,0,1,male,65.0,0,0,26.55,S,First,man,True,E,Southampton,no,True,male
457,1,1,female,,1,0,51.8625,S,First,woman,False,D,Southampton,yes,False,female
458,1,2,female,50.0,0,0,10.5,S,Second,woman,False,,Southampton,yes,True,female
459,0,3,male,,0,0,7.75,Q,Third,man,True,,Queenstown,no,True,male
460,1,1,male,48.0,0,0,26.55,S,First,man,True,E,Southampton,yes,True,male
461,0,3,male,34.0,0,0,8.05,S,Third,man,True,,Southampton,no,True,male
462,0,1,male,47.0,0,0,38.5,S,First,man,True,E,Southampton,no,True,male
463,0,2,male,48.0,0,0,13.0,S,Second,man,True,,Southampton,no,True,male
464,0,3,male,,0,0,8.05,S,Third,man,True,,Southampton,no,True,male
465,0,3,male,38.0,0,0,7.05,S,Third,man,True,,Southampton,no,True,male
466,0,2,male,,0,0,0.0,S,Second,man,True,,Southampton,no,True,male
467,0,1,male,56.0,0,0,26.55,S,First,man,True,,Southampton,no,True,male
468,0,3,male,,0,0,7.725,Q,Third,man,True,,Queenstown,no,True,male
469,1,3,female,0.75,2,1,19.2583,C,Third,child,False,,Cherbourg,yes,False,female
470,0,3,male,,0,0,7.25,S,Third,man,True,,Southampton,no,True,male
471,0,3,male,38.0,0,0,8.6625,S,Third,man,True,,Southampton,no,True,male
472,1,2,female,33.0,1,2,27.75,S,Second,woman,False,,Southampton,yes,False,female
473,1,2,female,23.0,0,0,13.7917,C,Second,woman,False,D,Cherbourg,yes,True,female
474,0,3,female,22.0,0,0,9.8375,S,Third,woman,False,,Southampton,no,True,female
475,0,1,male,,0,0,52.0,S,First,man,True,A,Southampton,no,True,male
476,0,2,male,34.0,1,0,21.0,S,Second,man,True,,Southampton,no,False,male
477,0,3,male,29.0,1,0,7.0458,S,Third,man,True,,Southampton,no,False,male
478,0,3,male,22.0,0,0,7.5208,S,Third,man,True,,Southampton,no,True,male
479,1,3,female,2.0,0,1,12.2875,S,Third,child,False,,Southampton,yes,False,female
480,0,3,male,9.0,5,2,46.9,S,Third,child,False,,Southampton,no,False,male
481,0,2,male,,0,0,0.0,S,Second,man,True,,Southampton,no,True,male
482,0,3,male,50.0,0,0,8.05,S,Third,man,True,,Southampton,no,True,male
483,1,3,female,63.0,0,0,9.5875,S,Third,woman,False,,Southampton,yes,True,female
484,1,1,male,25.0,1,0,91.0792,C,First,man,True,B,Cherbourg,yes,False,male
485,0,3,female,,3,1,25.4667,S,Third,woman,False,,Southampton,no,False,female
486,1,1,female,35.0,1,0,90.0,S,First,woman,False,C,Southampton,yes,False,female
487,0,1,male,58.0,0,0,29.7,C,First,man,True,B,Cherbourg,no,True,male
488,0,3,male,30.0,0,0,8.05,S,Third,man,True,,Southampton,no,True,male
489,1,3,male,9.0,1,1,15.9,S,Third,child,False,,Southampton,yes,False,male
490,0,3,male,,1,0,19.9667,S,Third,man,True,,Southampton,no,False,male
491,0,3,male,21.0,0,0,7.25,S,Third,man,True,,Southampton,no,True,male
492,0,1,male,55.0,0,0,30.5,S,First,man,True,C,Southampton,no,True,male
493,0,1,male,71.0,0,0,49.5042,C,First,man,True,,Cherbourg,no,True,male
494,0,3,male,21.0,0,0,8.05,S,Third,man,True,,Southampton,no,True,male
495,0,3,male,,0,0,14.4583,C,Third,man,True,,Cherbourg,no,True,male
496,1,1,female,54.0,1,0,78.2667,C,First,woman,False,D,Cherbourg,yes,False,female
497,0,3,male,,0,0,15.1,S,Third,man,True,,Southampton,no,True,male
498,0,1,female,25.0,1,2,151.55,S,First,woman,False,C,Southampton,no,False,female
499,0,3,male,24.0,0,0,7.7958,S,Third,man,True,,Southampton,no,True,male
500,0,3,male,17.0,0,0,8.6625,S,Third,man,True,,Southampton,no,True,male
501,0,3,female,21.0,0,0,7.75,Q,Third,woman,False,,Queenstown,no,True,female
502,0,3,female,,0,0,7.6292,Q,Third,woman,False,,Queenstown,no,True,female
503,0,3,female,37.0,0,0,9.5875,S,Third,woman,False,,Southampton,no,True,female
504,1,1,female,16.0,0,0,86.5,S,First,woman,False,B,Southampton,yes,True,female
505,0,1,male,18.0,1,0,108.9,C,First,man,True,C,Cherbourg,no,False,male
506,1,2,female,33.0,0,2,26.0,S,Second,woman,False,,Southampton,yes,False,female
507,1,1,male,,0,0,26.55,S,First,man,True,,Southampton,yes,True,male
508,0,3,male,28.0,0,0,22.525,S,Third,man,True,,Southampton,no,True,male
509,1,3,male,26.0,0,0,56.4958,S,Third,man,True,,Southampton,yes,True,male
510,1,3,male,29.0,0,0,7.75,Q,Third,man,True,,Queenstown,yes,True,male
511,0,3,male,,0,0,8.05,S,Third,man,True,,Southampton,no,True,male
512,1,1,male,36.0,0,0,26.2875,S,First,man,True,E,Southampton,yes,True,male
513,1,1,female,54.0,1,0,59.4,C,First,woman,False,,Cherbourg,yes,False,female
514,0,3,male,24.0,0,0,7.4958,S,Third,man,True,,Southampton,no,True,male
515,0,1,male,47.0,0,0,34.0208,S,First,man,True,D,Southampton,no,True,male
516,1,2,female,34.0,0,0,10.5,S,Second,woman,False,F,Southampton,yes,True,female
517,0,3,male,,0,0,24.15,Q,Third,man,True,,Queenstown,no,True,male
518,1,2,female,36.0,1,0,26.0,S,Second,woman,False,,Southampton,yes,False,female
519,0,3,male,32.0,0,0,7.8958,S,Third,man,True,,Southampton,no,True,male
520,1,1,female,30.0,0,0,93.5,S,First,woman,False,B,Southampton,yes,True,female
521,0,3,male,22.0,0,0,7.8958,S,Third,man,True,,Southampton,no,True,male
522,0,3,male,,0,0,7.225,C,Third,man,True,,Cherbourg,no,True,male
523,1,1,female,44.0,0,1,57.9792,C,First,woman,False,B,Cherbourg,yes,False,female
524,0,3,male,,0,0,7.2292,C,Third,man,True,,Cherbourg,no,True,male
525,0,3,male,40.5,0,0,7.75,Q,Third,man,True,,Queenstown,no,True,male
526,1,2,female,50.0,0,0,10.5,S,Second,woman,False,,Southampton,yes,True,female
527,0,1,male,,0,0,221.7792,S,First,man,True,C,Southampton,no,True,male
528,0,3,male,39.0,0,0,7.925,S,Third,man,True,,Southampton,no,True,male
529,0,2,male,23.0,2,1,11.5,S,Second,man,True,,Southampton,no,False,male
530,1,2,female,2.0,1,1,26.0,S,Second,child,False,,Southampton,yes,False,female
531,0,3,male,,0,0,7.2292,C,Third,man,True,,Cherbourg,no,True,male
532,0,3,male,17.0,1,1,7.2292,C,Third,man,True,,Cherbourg,no,False,male
533,1,3,female,,0,2,22.3583,C,Third,woman,False,,Cherbourg,yes,False,female
534,0,3,female,30.0,0,0,8.6625,S,Third,woman,False,,Southampton,no,True,female
535,1,2,female,7.0,0,2,26.25,S,Second,child,False,,Southampton,yes,False,female
536,0,1,male,45.0,0,0,26.55,S,First,man,True,B,Southampton,no,True,male
537,1,1,female,30.0,0,0,106.425,C,First,woman,False,,Cherbourg,yes,True,female
538,0,3,male,,0,0,14.5,S,Third,man,True,,Southampton,no,True,male
539,1,1,female,22.0,0,2,49.5,C,First,woman,False,B,Cherbourg,yes,False,female
540,1,1,female,36.0,0,2,71.0,S,First,woman,False,B,Southampton,yes,False,female
541,0,3,female,9.0,4,2,31.275,S,Third,child,False,,Southampton,no,False,female
542,0,3,female,11.0,4,2,31.275,S,Third,child,False,,Southampton,no,False,female
543,1,2,male,32.0,1,0,26.0,S,Second,man,True,,Southampton,yes,False,male
544,0,1,male,50.0,1,0,106.425,C,First,man,True,C,Cherbourg,no,False,male
545,0,1,male,64.0,0,0,26.0,S,First,man,True,,Southampton,no,True,male
546,1,2,female,19.0,1,0,26.0,S,Second,woman,False,,Southampton,yes,False,female
547,1,2,male,,0,0,13.8625,C,Second,man,True,,Cherbourg,yes,True,male
548,0,3,male,33.0,1,1,20.525,S,Third,man,True,,Southampton,no,False,male
549,1,2,male,8.0,1,1,36.75,S,Second,child,False,,Southampton,yes,False,male
550,1,1,male,17.0,0,2,110.8833,C,First,man,True,C,Cherbourg,yes,False,male
551,0,2,male,27.0,0,0,26.0,S,Second,man,True,,Southampton,no,True,male
552,0,3,male,,0,0,7.8292,Q,Third,man,True,,Queenstown,no,True,male
553,1,3,male,22.0,0,0,7.225,C,Third,man,True,,Cherbourg,yes,True,male
554,1,3,female,22.0,0,0,7.775,S,Third,woman,False,,Southampton,yes,True,female
555,0,1,male,62.0,0,0,26.55,S,First,man,True,,Southampton,no,True,male
556,1,1,female,48.0,1,0,39.6,C,First,woman,False,A,Cherbourg,yes,False,female
557,0,1,male,,0,0,227.525,C,First,man,True,,Cherbourg,no,True,male
558,1,1,female,39.0,1,1,79.65,S,First,woman,False,E,Southampton,yes,False,female
559,1,3,female,36.0,1,0,17.4,S,Third,woman,False,,Southampton,yes,False,female
560,0,3,male,,0,0,7.75,Q,Third,man,True,,Queenstown,no,True,male
561,0,3,male,40.0,0,0,7.8958,S,Third,man,True,,Southampton,no,True,male
562,0,2,male,28.0,0,0,13.5,S,Second,man,True,,Southampton,no,True,male
563,0,3,male,,0,0,8.05,S,Third,man,True,,Southampton,no,True,male
564,0,3,female,,0,0,8.05,S,Third,woman,False,,Southampton,no,True,female
565,0,3,male,24.0,2,0,24.15,S,Third,man,True,,Southampton,no,False,male
566,0,3,male,19.0,0,0,7.8958,S,Third,man,True,,Southampton,no,True,male
567,0,3,female,29.0,0,4,21.075,S,Third,woman,False,,Southampton,no,False,female
568,0,3,male,,0,0,7.2292,C,Third,man,True,,Cherbourg,no,True,male
569,1,3,male,32.0,0,0,7.8542,S,Third,man,True,,Southampton,yes,True,male
570,1,2,male,62.0,0,0,10.5,S,Second,man,True,,Southampton,yes,True,male
571,1,1,female,53.0,2,0,51.4792,S,First,woman,False,C,Southampton,yes,False,female
572,1,1,male,36.0,0,0,26.3875,S,First,man,True,E,Southampton,yes,True,male
573,1,3,female,,0,0,7.75,Q,Third,woman,False,,Queenstown,yes,True,female
574,0,3,male,16.0,0,0,8.05,S,Third,man,True,,Southampton,no,True,male
575,0,3,male,19.0,0,0,14.5,S,Third,man,True,,Southampton,no,True,male
576,1,2,female,34.0,0,0,13.0,S,Second,woman,False,,Southampton,yes,True,female
577,1,1,female,39.0,1,0,55.9,S,First,woman,False,E,Southampton,yes,False,female
578,0,3,female,,1,0,14.4583,C,Third,woman,False,,Cherbourg,no,False,female
579,1,3,male,32.0,0,0,7.925,S,Third,man,True,,Southampton,yes,True,male
580,1,2,female,25.0,1,1,30.0,S,Second,woman,False,,Southampton,yes,False,female
581,1,1,female,39.0,1,1,110.8833,C,First,woman,False,C,Cherbourg,yes,False,female
582,0,2,male,54.0,0,0,26.0,S,Second,man,True,,Southampton,no,True,male
583,0,1,male,36.0,0,0,40.125,C,First,man,True,A,Cherbourg,no,True,male
584,0,3,male,,0,0,8.7125,C,Third,man,True,,Cherbourg,no,True,male
585,1,1,female,18.0,0,2,79.65,S,First,woman,False,E,Southampton,yes,False,female
586,0,2,male,47.0,0,0,15.0,S,Second,man,True,,Southampton,no,True,male
587,1,1,male,60.0,1,1,79.2,C,First,man,True,B,Cherbourg,yes,False,male
588,0,3,male,22.0,0,0,8.05,S,Third,man,True,,Southampton,no,True,male
589,0,3,male,,0,0,8.05,S,Third,man,True,,Southampton,no,True,male
590,0,3,male,35.0,0,0,7.125,S,Third,man,True,,Southampton,no,True,male
591,1,1,female,52.0,1,0,78.2667,C,First,woman,False,D,Cherbourg,yes,False,female
592,0,3,male,47.0,0,0,7.25,S,Third,man,True,,Southampton,no,True,male
593,0,3,female,,0,2,7.75,Q,Third,woman,False,,Queenstown,no,False,female
594,0,2,male,37.0,1,0,26.0,S,Second,man,True,,Southampton,no,False,male
595,0,3,male,36.0,1,1,24.15,S,Third,man,True,,Southampton,no,False,male
596,1,2,female,,0,0,33.0,S,Second,woman,False,,Southampton,yes,True,female
597,0,3,male,49.0,0,0,0.0,S,Third,man,True,,Southampton,no,True,male
598,0,3,male,,0,0,7.225,C,Third,man,True,,Cherbourg,no,True,male
599,1,1,male,49.0,1,0,56.9292,C,First,man,True,A,Cherbourg,yes,False,male
600,1,2,female,24.0,2,1,27.0,S,Second,woman,False,,Southampton,yes,False,female
601,0,3,male,,0,0,7.8958,S,Third,man,True,,Southampton,no,True,male
602,0,1,male,,0,0,42.4,S,First,man,True,,Southampton,no,True,male
603,0,3,male,44.0,0,0,8.05,S,Third,man,True,,Southampton,no,True,male
604,1,1,male,35.0,0,0,26.55,C,First,man,True,,Cherbourg,yes,True,male
605,0,3,male,36.0,1,0,15.55,S,Third,man,True,,Southampton,no,False,male
606,0,3,male,30.0,0,0,7.8958,S,Third,man,True,,Southampton,no,True,male
607,1,1,male,27.0,0,0,30.5,S,First,man,True,,Southampton,yes,True,male
608,1,2,female,22.0,1,2,41.5792,C,Second,woman,False,,Cherbourg,yes,False,female
609,1,1,female,40.0,0,0,153.4625,S,First,woman,False,C,Southampton,yes,True,female
610,0,3,female,39.0,1,5,31.275,S,Third,woman,False,,Southampton,no,False,female
611,0,3,male,,0,0,7.05,S,Third,man,True,,Southampton,no,True,male
612,1,3,female,,1,0,15.5,Q,Third,woman,False,,Queenstown,yes,False,female
613,0,3,male,,0,0,7.75,Q,Third,man,True,,Queenstown,no,True,male
614,0,3,male,35.0,0,0,8.05,S,Third,man,True,,Southampton,no,True,male
615,1,2,female,24.0,1,2,65.0,S,Second,woman,False,,Southampton,yes,False,female
616,0,3,male,34.0,1,1,14.4,S,Third,man,True,,Southampton,no,False,male
617,0,3,female,26.0,1,0,16.1,S,Third,woman,False,,Southampton,no,False,female
618,1,2,female,4.0,2,1,39.0,S,Second,child,False,F,Southampton,yes,False,female
619,0,2,male,26.0,0,0,10.5,S,Second,man,True,,Southampton,no,True,male
620,0,3,male,27.0,1,0,14.4542,C,Third,man,True,,Cherbourg,no,False,male
621,1,1,male,42.0,1,0,52.5542,S,First,man,True,D,Southampton,yes,False,male
622,1,3,male,20.0,1,1,15.7417,C,Third,man,True,,Cherbourg,yes,False,male
623,0,3,male,21.0,0,0,7.8542,S,Third,man,True,,Southampton,no,True,male
624,0,3,male,21.0,0,0,16.1,S,Third,man,True,,Southampton,no,True,male
625,0,1,male,61.0,0,0,32.3208,S,First,man,True,D,Southampton,no,True,male
626,0,2,male,57.0,0,0,12.35,Q,Second,man,True,,Queenstown,no,True,male
627,1,1,female,21.0,0,0,77.9583,S,First,woman,False,D,Southampton,yes,True,female
628,0,3,male,26.0,0,0,7.8958,S,Third,man,True,,Southampton,no,True,male
629,0,3,male,,0,0,7.7333,Q,Third,man,True,,Queenstown,no,True,male
630,1,1,male,80.0,0,0,30.0,S,First,man,True,A,Southampton,yes,True,male
631,0,3,male,51.0,0,0,7.0542,S,Third,man,True,,Southampton,no,True,male
632,1,1,male,32.0,0,0,30.5,C,First,man,True,B,Cherbourg,yes,True,male
633,0,1,male,,0,0,0.0,S,First,man,True,,Southampton,no,True,male
634,0,3,female,9.0,3,2,27.9,S,Third,child,False,,Southampton,no,False,female
635,1,2,female,28.0,0,0,13.0,S,Second,woman,False,,Southampton,yes,True,female
636,0,3,male,32.0,0,0,7.925,S,Third,man,True,,Southampton,no,True,male
637,0,2,male,31.0,1,1,26.25,S,Second,man,True,,Southampton,no,False,male
638,0,3,female,41.0,0,5,39.6875,S,Third,woman,False,,Southampton,no,False,female
639,0,3,male,,1,0,16.1,S,Third,man,True,,Southampton,no,False,male
640,0,3,male,20.0,0,0,7.8542,S,Third,man,True,,Southampton,no,True,male
641,1,1,female,24.0,0,0,69.3,C,First,woman,False,B,Cherbourg,yes,True,female
642,0,3,female,2.0,3,2,27.9,S,Third,child,False,,Southampton,no,False,female
643,1,3,male,,0,0,56.4958,S,Third,man,True,,Southampton,yes,True,male
644,1,3,female,0.75,2,1,19.2583,C,Third,child,False,,Cherbourg,yes,False,female
645,1,1,male,48.0,1,0,76.7292,C,First,man,True,D,Cherbourg,yes,False,male
646,0,3,male,19.0,0,0,7.8958,S,Third,man,True,,Southampton,no,True,male
647,1,1,male,56.0,0,0,35.5,C,First,man,True,A,Cherbourg,yes,True,male
648,0,3,male,,0,0,7.55,S,Third,man,True,,Southampton,no,True,male
649,1,3,female,23.0,0,0,7.55,S,Third,woman,False,,Southampton,yes,True,female
650,0,3,male,,0,0,7.8958,S,Third,man,True,,Southampton,no,True,male
651,1,2,female,18.0,0,1,23.0,S,Second,woman,False,,Southampton,yes,False,female
652,0,3,male,21.0,0,0,8.4333,S,Third,man,True,,Southampton,no,True,male
653,1,3,female,,0,0,7.8292,Q,Third,woman,False,,Queenstown,yes,True,female
654,0,3,female,18.0,0,0,6.75,Q,Third,woman,False,,Queenstown,no,True,female
655,0,2,male,24.0,2,0,73.5,S,Second,man,True,,Southampton,no,False,male
656,0,3,male,,0,0,7.8958,S,Third,man,True,,Southampton,no,True,male
657,0,3,female,32.0,1,1,15.5,Q,Third,woman,False,,Queenstown,no,False,female
658,0,2,male,23.0,0,0,13.0,S,Second,man,True,,Southampton,no,True,male
659,0,1,male,58.0,0,2,113.275,C,First,man,True,D,Cherbourg,no,False,male
660,1,1,male,50.0,2,0,133.65,S,First,man,True,,Southampton,yes,False,male
661,0,3,male,40.0,0,0,7.225,C,Third,man,True,,Cherbourg,no,True,male
662,0,1,male,47.0,0,0,25.5875,S,First,man,True,E,Southampton,no,True,male
663,0,3,male,36.0,0,0,7.4958,S,Third,man,True,,Southampton,no,True,male
664,1,3,male,20.0,1,0,7.925,S,Third,man,True,,Southampton,yes,False,male
665,0,2,male,32.0,2,0,73.5,S,Second,man,True,,Southampton,no,False,male
666,0,2,male,25.0,0,0,13.0,S,Second,man,True,,Southampton,no,True,male
667,0,3,male,,0,0,7.775,S,Third,man,True,,Southampton,no,True,male
668,0,3,male,43.0,0,0,8.05,S,Third,man,True,,Southampton,no,True,male
669,1,1,female,,1,0,52.0,S,First,woman,False,C,Southampton,yes,False,female
670,1,2,female,40.0,1,1,39.0,S,Second,woman,False,,Southampton,yes,False,female
671,0,1,male,31.0,1,0,52.0,S,First,man,True,B,Southampton,no,False,male
672,0,2,male,70.0,0,0,10.5,S,Second,man,True,,Southampton,no,True,male
673,1,2,male,31.0,0,0,13.0,S,Second,man,True,,Southampton,yes,True,male
674,0,2,male,,0,0,0.0,S,Second,man,True,,Southampton,no,True,male
675,0,3,male,18.0,0,0,7.775,S,Third,man,True,,Southampton,no,True,male
676,0,3,male,24.5,0,0,8.05,S,Third,man,True,,Southampton,no,True,male
677,1,3,female,18.0,0,0,9.8417,S,Third,woman,False,,Southampton,yes,True,female
678,0,3,female,43.0,1,6,46.9,S,Third,woman,False,,Southampton,no,False,female
679,1,1,male,36.0,0,1,512.3292,C,First,man,True,B,Cherbourg,yes,False,male
680,0,3,female,,0,0,8.1375,Q,Third,woman,False,,Queenstown,no,True,female
681,1,1,male,27.0,0,0,76.7292,C,First,man,True,D,Cherbourg,yes,True,male
682,0,3,male,20.0,0,0,9.225,S,Third,man,True,,Southampton,no,True,male
683,0,3,male,14.0,5,2,46.9,S,Third,child,False,,Southampton,no,False,male
684,0,2,male,60.0,1,1,39.0,S,Second,man,True,,Southampton,no,False,male
685,0,2,male,25.0,1,2,41.5792,C,Second,man,True,,Cherbourg,no,False,male
686,0,3,male,14.0,4,1,39.6875,S,Third,child,False,,Southampton,no,False,male
687,0,3,male,19.0,0,0,10.1708,S,Third,man,True,,Southampton,no,True,male
688,0,3,male,18.0,0,0,7.7958,S,Third,man,True,,Southampton,no,True,male
689,1,1,female,15.0,0,1,211.3375,S,First,child,False,B,Southampton,yes,False,female
690,1,1,male,31.0,1,0,57.0,S,First,man,True,B,Southampton,yes,False,male
691,1,3,female,4.0,0,1,13.4167,C,Third,child,False,,Cherbourg,yes,False,female
692,1,3,male,,0,0,56.4958,S,Third,man,True,,Southampton,yes,True,male
693,0,3,male,25.0,0,0,7.225,C,Third,man,True,,Cherbourg,no,True,male
694,0,1,male,60.0,0,0,26.55,S,First,man,True,,Southampton,no,True,male
695,0,2,male,52.0,0,0,13.5,S,Second,man,True,,Southampton,no,True,male
696,0,3,male,44.0,0,0,8.05,S,Third,man,True,,Southampton,no,True,male
697,1,3,female,,0,0,7.7333,Q,Third,woman,False,,Queenstown,yes,True,female
698,0,1,male,49.0,1,1,110.8833,C,First,man,True,C,Cherbourg,no,False,male
699,0,3,male,42.0,0,0,7.65,S,Third,man,True,F,Southampton,no,True,male
700,1,1,female,18.0,1,0,227.525,C,First,woman,False,C,Cherbourg,yes,False,female
701,1,1,male,35.0,0,0,26.2875,S,First,man,True,E,Southampton,yes,True,male
702,0,3,female,18.0,0,1,14.4542,C,Third,woman,False,,Cherbourg,no,False,female
703,0,3,male,25.0,0,0,7.7417,Q,Third,man,True,,Queenstown,no,True,male
704,0,3,male,26.0,1,0,7.8542,S,Third,man,True,,Southampton,no,False,male
705,0,2,male,39.0,0,0,26.0,S,Second,man,True,,Southampton,no,True,male
706,1,2,female,45.0,0,0,13.5,S,Second,woman,False,,Southampton,yes,True,female
707,1,1,male,42.0,0,0,26.2875,S,First,man,True,E,Southampton,yes,True,male
708,1,1,female,22.0,0,0,151.55,S,First,woman,False,,Southampton,yes,True,female
709,1,3,male,,1,1,15.2458,C,Third,man,True,,Cherbourg,yes,False,male
710,1,1,female,24.0,0,0,49.5042,C,First,woman,False,C,Cherbourg,yes,True,female
711,0,1,male,,0,0,26.55,S,First,man,True,C,Southampton,no,True,male
712,1,1,male,48.0,1,0,52.0,S,First,man,True,C,Southampton,yes,False,male
713,0,3,male,29.0,0,0,9.4833,S,Third,man,True,,Southampton,no,True,male
714,0,2,male,52.0,0,0,13.0,S,Second,man,True,,Southampton,no,True,male
715,0,3,male,19.0,0,0,7.65,S,Third,man,True,F,Southampton,no,True,male
716,1,1,female,38.0,0,0,227.525,C,First,woman,False,C,Cherbourg,yes,True,female
717,1,2,female,27.0,0,0,10.5,S,Second,woman,False,E,Southampton,yes,True,female
718,0,3,male,,0,0,15.5,Q,Third,man,True,,Queenstown,no,True,male
719,0,3,male,33.0,0,0,7.775,S,Third,man,True,,Southampton,no,True,male
720,1,2,female,6.0,0,1,33.0,S,Second,child,False,,Southampton,yes,False,female
721,0,3,male,17.0,1,0,7.0542,S,Third,man,True,,Southampton,no,False,male
722,0,2,male,34.0,0,0,13.0,S,Second,man,True,,Southampton,no,True,male
723,0,2,male,50.0,0,0,13.0,S,Second,man,True,,Southampton,no,True,male
724,1,1,male,27.0,1,0,53.1,S,First,man,True,E,Southampton,yes,False,male
725,0,3,male,20.0,0,0,8.6625,S,Third,man,True,,Southampton,no,True,male
726,1,2,female,30.0,3,0,21.0,S,Second,woman,False,,Southampton,yes,False,female
727,1,3,female,,0,0,7.7375,Q,Third,woman,False,,Queenstown,yes,True,female
728,0,2,male,25.0,1,0,26.0,S,Second,man,True,,Southampton,no,False,male
729,0,3,female,25.0,1,0,7.925,S,Third,woman,False,,Southampton,no,False,female
730,1,1,female,29.0,0,0,211.3375,S,First,woman,False,B,Southampton,yes,True,female
731,0,3,male,11.0,0,0,18.7875,C,Third,child,False,,Cherbourg,no,True,male
732,0,2,male,,0,0,0.0,S,Second,man,True,,Southampton,no,True,male
733,0,2,male,23.0,0,0,13.0,S,Second,man,True,,Southampton,no,True,male
734,0,2,male,23.0,0,0,13.0,S,Second,man,True,,Southampton,no,True,male
735,0,3,male,28.5,0,0,16.1,S,Third,man,True,,Southampton,no,True,male
736,0,3,female,48.0,1,3,34.375,S,Third,woman,False,,Southampton,no,False,female
737,1,1,male,35.0,0,0,512.3292,C,First,man,True,B,Cherbourg,yes,True,male
738,0,3,male,,0,0,7.8958,S,Third,man,True,,Southampton,no,True,male
739,0,3,male,,0,0,7.8958,S,Third,man,True,,Southampton,no,True,male
740,1,1,male,,0,0,30.0,S,First,man,True,D,Southampton,yes,True,male
741,0,1,male,36.0,1,0,78.85,S,First,man,True,C,Southampton,no,False,male
742,1,1,female,21.0,2,2,262.375,C,First,woman,False,B,Cherbourg,yes,False,female
743,0,3,male,24.0,1,0,16.1,S,Third,man,True,,Southampton,no,False,male
744,1,3,male,31.0,0,0,7.925,S,Third,man,True,,Southampton,yes,True,male
745,0,1,male,70.0,1,1,71.0,S,First,man,True,B,Southampton,no,False,male
746,0,3,male,16.0,1,1,20.25,S,Third,man,True,,Southampton,no,False,male
747,1,2,female,30.0,0,0,13.0,S,Second,woman,False,,Southampton,yes,True,female
748,0,1,male,19.0,1,0,53.1,S,First,man,True,D,Southampton,no,False,male
749,0,3,male,31.0,0,0,7.75,Q,Third,man,True,,Queenstown,no,True,male
750,1,2,female,4.0,1,1,23.0,S,Second,child,False,,Southampton,yes,False,female
751,1,3,male,6.0,0,1,12.475,S,Third,child,False,E,Southampton,yes,False,male
752,0,3,male,33.0,0,0,9.5,S,Third,man,True,,Southampton,no,True,male
753,0,3,male,23.0,0,0,7.8958,S,Third,man,True,,Southampton,no,True,male
754,1,2,female,48.0,1,2,65.0,S,Second,woman,False,,Southampton,yes,False,female
755,1,2,male,0.67,1,1,14.5,S,Second,child,False,,Southampton,yes,False,male
756,0,3,male,28.0,0,0,7.7958,S,Third,man,True,,Southampton,no,True,male
757,0,2,male,18.0,0,0,11.5,S,Second,man,True,,Southampton,no,True,male
758,0,3,male,34.0,0,0,8.05,S,Third,man,True,,Southampton,no,True,male
759,1,1,female,33.0,0,0,86.5,S,First,woman,False,B,Southampton,yes,True,female
760,0,3,male,,0,0,14.5,S,Third,man,True,,Southampton,no,True,male
761,0,3,male,41.0,0,0,7.125,S,Third,man,True,,Southampton,no,True,male
762,1,3,male,20.0,0,0,7.2292,C,Third,man,True,,Cherbourg,yes,True,male
763,1,1,female,36.0,1,2,120.0,S,First,woman,False,B,Southampton,yes,False,female
764,0,3,male,16.0,0,0,7.775,S,Third,man,True,,Southampton,no,True,male
765,1,1,female,51.0,1,0,77.9583,S,First,woman,False,D,Southampton,yes,False,female
766,0,1,male,,0,0,39.6,C,First,man,True,,Cherbourg,no,True,male
767,0,3,female,30.5,0,0,7.75,Q,Third,woman,False,,Queenstown,no,True,female
768,0,3,male,,1,0,24.15,Q,Third,man,True,,Queenstown,no,False,male
769,0,3,male,32.0,0,0,8.3625,S,Third,man,True,,Southampton,no,True,male
770,0,3,male,24.0,0,0,9.5,S,Third,man,True,,Southampton,no,True,male
771,0,3,male,48.0,0,0,7.8542,S,Third,man,True,,Southampton,no,True,male
772,0,2,female,57.0,0,0,10.5,S,Second,woman,False,E,Southampton,no,True,female
773,0,3,male,,0,0,7.225,C,Third,man,True,,Cherbourg,no,True,male
774,1,2,female,54.0,1,3,23.0,S,Second,woman,False,,Southampton,yes,False,female
775,0,3,male,18.0,0,0,7.75,S,Third,man,True,,Southampton,no,True,male
776,0,3,male,,0,0,7.75,Q,Third,man,True,F,Queenstown,no,True,male
777,1,3,female,5.0,0,0,12.475,S,Third,child,False,,Southampton,yes,True,female
778,0,3,male,,0,0,7.7375,Q,Third,man,True,,Queenstown,no,True,male
779,1,1,female,43.0,0,1,211.3375,S,First,woman,False,B,Southampton,yes,False,female
780,1,3,female,13.0,0,0,7.2292,C,Third,child,False,,Cherbourg,yes,True,female
781,1,1,female,17.0,1,0,57.0,S,First,woman,False,B,Southampton,yes,False,female
782,0,1,male,29.0,0,0,30.0,S,First,man,True,D,Southampton,no,True,male
783,0,3,male,,1,2,23.45,S,Third,man,True,,Southampton,no,False,male
784,0,3,male,25.0,0,0,7.05,S,Third,man,True,,Southampton,no,True,male
785,0,3,male,25.0,0,0,7.25,S,Third,man,True,,Southampton,no,True,male
786,1,3,female,18.0,0,0,7.4958,S,Third,woman,False,,Southampton,yes,True,female
787,0,3,male,8.0,4,1,29.125,Q,Third,child,False,,Queenstown,no,False,male
788,1,3,male,1.0,1,2,20.575,S,Third,child,False,,Southampton,yes,False,male
789,0,1,male,46.0,0,0,79.2,C,First,man,True,B,Cherbourg,no,True,male
790,0,3,male,,0,0,7.75,Q,Third,man,True,,Queenstown,no,True,male
791,0,2,male,16.0,0,0,26.0,S,Second,man,True,,Southampton,no,True,male
792,0,3,female,,8,2,69.55,S,Third,woman,False,,Southampton,no,False,female
793,0,1,male,,0,0,30.6958,C,First,man,True,,Cherbourg,no,True,male
794,0,3,male,25.0,0,0,7.8958,S,Third,man,True,,Southampton,no,True,male
795,0,2,male,39.0,0,0,13.0,S,Second,man,True,,Southampton,no,True,male
796,1,1,female,49.0,0,0,25.9292,S,First,woman,False,D,Southampton,yes,True,female
797,1,3,female,31.0,0,0,8.6833,S,Third,woman,False,,Southampton,yes,True,female
798,0,3,male,30.0,0,0,7.2292,C,Third,man,True,,Cherbourg,no,True,male
799,0,3,female,30.0,1,1,24.15,S,Third,woman,False,,Southampton,no,False,female
800,0,2,male,34.0,0,0,13.0,S,Second,man,True,,Southampton,no,True,male
801,1,2,female,31.0,1,1,26.25,S,Second,woman,False,,Southampton,yes,False,female
802,1,1,male,11.0,1,2,120.0,S,First,child,False,B,Southampton,yes,False,male
803,1,3,male,0.42,0,1,8.5167,C,Third,child,False,,Cherbourg,yes,False,male
804,1,3,male,27.0,0,0,6.975,S,Third,man,True,,Southampton,yes,True,male
805,0,3,male,31.0,0,0,7.775,S,Third,man,True,,Southampton,no,True,male
806,0,1,male,39.0,0,0,0.0,S,First,man,True,A,Southampton,no,True,male
807,0,3,female,18.0,0,0,7.775,S,Third,woman,False,,Southampton,no,True,female
808,0,2,male,39.0,0,0,13.0,S,Second,man,True,,Southampton,no,True,male
809,1,1,female,33.0,1,0,53.1,S,First,woman,False,E,Southampton,yes,False,female
810,0,3,male,26.0,0,0,7.8875,S,Third,man,True,,Southampton,no,True,male
811,0,3,male,39.0,0,0,24.15,S,Third,man,True,,Southampton,no,True,male
812,0,2,male,35.0,0,0,10.5,S,Second,man,True,,Southampton,no,True,male
813,0,3,female,6.0,4,2,31.275,S,Third,child,False,,Southampton,no,False,female
814,0,3,male,30.5,0,0,8.05,S,Third,man,True,,Southampton,no,True,male
815,0,1,male,,0,0,0.0,S,First,man,True,B,Southampton,no,True,male
816,0,3,female,23.0,0,0,7.925,S,Third,woman,False,,Southampton,no,True,female
817,0,2,male,31.0,1,1,37.0042,C,Second,man,True,,Cherbourg,no,False,male
818,0,3,male,43.0,0,0,6.45,S,Third,man,True,,Southampton,no,True,male
819,0,3,male,10.0,3,2,27.9,S,Third,child,False,,Southampton,no,False,male
820,1,1,female,52.0,1,1,93.5,S,First,woman,False,B,Southampton,yes,False,female
821,1,3,male,27.0,0,0,8.6625,S,Third,man,True,,Southampton,yes,True,male
822,0,1,male,38.0,0,0,0.0,S,First,man,True,,Southampton,no,True,male
823,1,3,female,27.0,0,1,12.475,S,Third,woman,False,E,Southampton,yes,False,female
824,0,3,male,2.0,4,1,39.6875,S,Third,child,False,,Southampton,no,False,male
825,0,3,male,,0,0,6.95,Q,Third,man,True,,Queenstown,no,True,male
826,0,3,male,,0,0,56.4958,S,Third,man,True,,Southampton,no,True,male
827,1,2,male,1.0,0,2,37.0042,C,Second,child,False,,Cherbourg,yes,False,male
828,1,3,male,,0,0,7.75,Q,Third,man,True,,Queenstown,yes,True,male
829,1,1,female,62.0,0,0,80.0,,First,woman,False,B,,yes,True,female
830,1,3,female,15.0,1,0,14.4542,C,Third,child,False,,Cherbourg,yes,False,female
831,1,2,male,0.83,1,1,18.75,S,Second,child,False,,Southampton,yes,False,male
832,0,3,male,,0,0,7.2292,C,Third,man,True,,Cherbourg,no,True,male
833,0,3,male,23.0,0,0,7.8542,S,Third,man,True,,Southampton,no,True,male
834,0,3,male,18.0,0,0,8.3,S,Third,man,True,,Southampton,no,True,male
835,1,1,female,39.0,1,1,83.1583,C,First,woman,False,E,Cherbourg,yes,False,female
836,0,3,male,21.0,0,0,8.6625,S,Third,man,True,,Southampton,no,True,male
837,0,3,male,,0,0,8.05,S,Third,man,True,,Southampton,no,True,male
838,1,3,male,32.0,0,0,56.4958,S,Third,man,True,,Southampton,yes,True,male
839,1,1,male,,0,0,29.7,C,First,man,True,C,Cherbourg,yes,True,male
840,0,3,male,20.0,0,0,7.925,S,Third,man,True,,Southampton,no,True,male
841,0,2,male,16.0,0,0,10.5,S,Second,man,True,,Southampton,no,True,male
842,1,1,female,30.0,0,0,31.0,C,First,woman,False,,Cherbourg,yes,True,female
843,0,3,male,34.5,0,0,6.4375,C,Third,man,True,,Cherbourg,no,True,male
844,0,3,male,17.0,0,0,8.6625,S,Third,man,True,,Southampton,no,True,male
845,0,3,male,42.0,0,0,7.55,S,Third,man,True,,Southampton,no,True,male
846,0,3,male,,8,2,69.55,S,Third,man,True,,Southampton,no,False,male
847,0,3,male,35.0,0,0,7.8958,C,Third,man,True,,Cherbourg,no,True,male
848,0,2,male,28.0,0,1,33.0,S,Second,man,True,,Southampton,no,False,male
849,1,1,female,,1,0,89.1042,C,First,woman,False,C,Cherbourg,yes,False,female
850,0,3,male,4.0,4,2,31.275,S,Third,child,False,,Southampton,no,False,male
851,0,3,male,74.0,0,0,7.775,S,Third,man,True,,Southampton,no,True,male
852,0,3,female,9.0,1,1,15.2458,C,Third,child,False,,Cherbourg,no,False,female
853,1,1,female,16.0,0,1,39.4,S,First,woman,False,D,Southampton,yes,False,female
854,0,2,female,44.0,1,0,26.0,S,Second,woman,False,,Southampton,no,False,female
855,1,3,female,18.0,0,1,9.35,S,Third,woman,False,,Southampton,yes,False,female
856,1,1,female,45.0,1,1,164.8667,S,First,woman,False,,Southampton,yes,False,female
857,1,1,male,51.0,0,0,26.55,S,First,man,True,E,Southampton,yes,True,male
858,1,3,female,24.0,0,3,19.2583,C,Third,woman,False,,Cherbourg,yes,False,female
859,0,3,male,,0,0,7.2292,C,Third,man,True,,Cherbourg,no,True,male
860,0,3,male,41.0,2,0,14.1083,S,Third,man,True,,Southampton,no,False,male
861,0,2,male,21.0,1,0,11.5,S,Second,man,True,,Southampton,no,False,male
862,1,1,female,48.0,0,0,25.9292,S,First,woman,False,D,Southampton,yes,True,female
863,0,3,female,,8,2,69.55,S,Third,woman,False,,Southampton,no,False,female
864,0,2,male,24.0,0,0,13.0,S,Second,man,True,,Southampton,no,True,male
865,1,2,female,42.0,0,0,13.0,S,Second,woman,False,,Southampton,yes,True,female
866,1,2,female,27.0,1,0,13.8583,C,Second,woman,False,,Cherbourg,yes,False,female
867,0,1,male,31.0,0,0,50.4958,S,First,man,True,A,Southampton,no,True,male
868,0,3,male,,0,0,9.5,S,Third,man,True,,Southampton,no,True,male
869,1,3,male,4.0,1,1,11.1333,S,Third,child,False,,Southampton,yes,False,male
870,0,3,male,26.0,0,0,7.8958,S,Third,man,True,,Southampton,no,True,male
871,1,1,female,47.0,1,1,52.5542,S,First,woman,False,D,Southampton,yes,False,female
872,0,1,male,33.0,0,0,5.0,S,First,man,True,B,Southampton,no,True,male
873,0,3,male,47.0,0,0,9.0,S,Third,man,True,,Southampton,no,True,male
874,1,2,female,28.0,1,0,24.0,C,Second,woman,False,,Cherbourg,yes,False,female
875,1,3,female,15.0,0,0,7.225,C,Third,child,False,,Cherbourg,yes,True,female
876,0,3,male,20.0,0,0,9.8458,S,Third,man,True,,Southampton,no,True,male
877,0,3,male,19.0,0,0,7.8958,S,Third,man,True,,Southampton,no,True,male
878,0,3,male,,0,0,7.8958,S,Third,man,True,,Southampton,no,True,male
879,1,1,female,56.0,0,1,83.1583,C,First,woman,False,C,Cherbourg,yes,False,female
880,1,2,female,25.0,0,1,26.0,S,Second,woman,False,,Southampton,yes,False,female
881,0,3,male,33.0,0,0,7.8958,S,Third,man,True,,Southampton,no,True,male
882,0,3,female,22.0,0,0,10.5167,S,Third,woman,False,,Southampton,no,True,female
883,0,2,male,28.0,0,0,10.5,S,Second,man,True,,Southampton,no,True,male
884,0,3,male,25.0,0,0,7.05,S,Third,man,True,,Southampton,no,True,male
885,0,3,female,39.0,0,5,29.125,Q,Third,woman,False,,Queenstown,no,False,female
886,0,2,male,27.0,0,0,13.0,S,Second,man,True,,Southampton,no,True,male
887,1,1,female,19.0,0,0,30.0,S,First,woman,False,B,Southampton,yes,True,female
888,0,3,female,,1,2,23.45,S,Third,woman,False,,Southampton,no,False,female
889,1,1,male,26.0,0,0,30.0,C,First,man,True,C,Cherbourg,yes,True,male
890,0,3,male,32.0,0,0,7.75,Q,Third,man,True,,Queenstown,no,True,male
